protein_id,position,sequence,length,t40_binary,t40_raw,t45_binary,t45_raw,t50_binary,t50_raw,t55_binary,t55_raw,t60_binary,t60_raw,t65_binary,t65_raw,left_hand_label,right_hand_label,clash
Rank_1,-,DNPEKDFSPETIKFIKENTGIDAEQASNIMKLISKPEFNDLNWKNYNGYCENINDNRGYRIGRFGFTTGGPNDQNPSGPKLFKAYAAERGEENPSADAALKALGINARLEGNLIKIEDSDEKFCGVIAKLKDDPAWINAMWKTAYENYLKTAVAEAKARGFTSAVGIGLLFYLALNMGATGGPTTLAGLLAQSGTSKDEKEFLKNLCAEAKKVIDDPKYNKPPNGTKAIDMWEKLVELGKLDLKNIDETIKEVTDFEMK,259.0000000000,1.0000000000,0.6605000000,1.0000000000,0.7947000000,1.0000000000,0.7917000000,1.0000000000,0.7497000000,1.0000000000,0.7944000000,1.0000000000,0.6153000000,65<=,65<=,-
Rank_10,-,INPEEYFCPETLKFIKENTGLNAEQFYNIMKLISKPEFNDLNFEKYYGYCENIGDGRGFKIGRFGHRTGGPNDTNPTGPELFKNYAKALGEENPSADKALEKLGINARLEGNKIKIFDSEEEFCGKIAKLKNDPEWRFALFKTEYENYLKYSVDLAKARGFTSAVTIGLLYYLALNMGATGGPTTLEGLVAKAGDSKDEKEFLLALCEEAEKVIDDPKYNKPPNGTKAIEMFRRLVEAGKLDLENIEDFIEEVTDYEMK,259.0000000000,1.0000000000,0.9713000000,1.0000000000,0.9740000000,1.0000000000,0.9510000000,1.0000000000,0.9580000000,1.0000000000,0.9643000000,1.0000000000,0.9725000000,65<=,65<=,-
Rank_100,-,RNPAENFCPKALEFIKANTGIDAEQWDNIMRLISKPEFNDLDWRKYNGYCENIGDGRGYRIGRFGHRTGGPNDQNPTGPALFTAYAAERGEADPSADKALELLGINARLVGNQIEIFDSEEEFCGKIAKLQDDPAWILALIRTEWEQYVKYAVDQCKARGFTSALSIGLAYYIALNMGATGGPTTLEGLLAQSGDSTDEKTFLDNLCAVAKTVIDDPKYNKAPNGTLAINRFETLNKKGLFDLKNIDAAIDEVTDYEMK,259.0000000000,0.0000000000,0.2814000000,0.0000000000,0.3846000000,0.0000000000,0.3044000000,0.0000000000,0.2267000000,0.0000000000,0.2488000000,0.0000000000,0.1496000000,<40,<40,-
Rank_11,-,DNPAKNFNEETLKFIKENTGIDAEQWDNIMKLISKPEFNDLDWKKYYGYCENINDNRGFKIGLFGFRTGGENDQNPTGPLLFKNYAEAKGEKNPSADKALKLLGINAKLEGNKIKIYDSEKEFCGKIKKLQNDPDWIFALFKTAYEVYLKYAVDQARARGFDSPLFIGTLFWVALNMGATGGETTLEGLLAKSGDSKDEKEFLLNFCDVVKEVIDDPKYNKPPNGTKAVQMWEDLVKKGKLDLKNIDETIDEVTDFEMK,259.0000000000,1.0000000000,0.8388000000,1.0000000000,0.8956000000,1.0000000000,0.7586000000,1.0000000000,0.7525000000,1.0000000000,0.8339000000,1.0000000000,0.8534000000,65<=,65<=,-
Rank_12,-,RDPAKNYCPEALKFIKENTGLDAEQWDNIMRLISKPEFNDLDYTKYNGYCKDINDGRGYEIGRFGHTTGGPNDQNPTGPLLFKKYAEALGEENPSADKALEHLGINAKLEGNIIEIKDSKEKFCGIIKKLENNPEWIFALIKTEYEQYIKYSVDQARARGFDSAVTIGFLYFIALNRGATGGETTLEGLLARAGDSTDEKEFLLRLCDEAKKVIDDPKYNKPPNGSKAIDMWRTLVERGALDLKDIDDLIDEVTDFEMK,259.0000000000,1.0000000000,0.8503000000,1.0000000000,0.8933000000,1.0000000000,0.8260000000,1.0000000000,0.7743000000,1.0000000000,0.8352000000,1.0000000000,0.7599000000,65<=,65<=,-
Rank_13,-,LNPAKFFCPETLAFIKENTGLDAEQFYNIMRLISKPEFNDLNWEKYYGYCKNINDGRGFEIGLFRHTTGGPNDQNPTGPKLFTEYAKALGSKNPSADEALKKLGINAKLEGNKIKINDSEEKFCGIIKKLKNDPNWILAQFKTAYDEYLKYSVDQAKARGFTSAVTIGLLFYIALNMGATGGPTTLEGLLARSGDSKDEKEFLLNLCAVAKTVIDDPKYNKPPNGTKAIDMWERLVKAGKLDLKNIEEEIKKVTDFEMK,259.0000000000,1.0000000000,0.8168000000,1.0000000000,0.8873000000,1.0000000000,0.8031000000,1.0000000000,0.7597000000,1.0000000000,0.8612000000,1.0000000000,0.8450000000,65<=,65<=,-
Rank_14,-,INPEKYFCPETIKFIKEKTGIDAEQWYNIMKLISKPEFNDLNFEKYYGYCENINDGRGYKIGLFGFTTGGENDKNPTGPLLFKLYAEEKGSKNPSADKALEILGIDAKLEGNIIKINDSEEEFCGKIAKLKNDPNWRLALFKSAYENYIKYAVDEAKKRGFDSPVTIGFLIYIALNMGATGGPTTLEGLLAQAGDSKDEKEFMLNLAEVAEKVIDDPKYNKPPNGTKAINMFKELVEKGKLDLKNIDEEIKEVTDFEMK,259.0000000000,1.0000000000,0.9778000000,1.0000000000,0.9792000000,1.0000000000,0.9528000000,1.0000000000,0.9551000000,1.0000000000,0.9603000000,1.0000000000,0.9653000000,65<=,65<=,-
Rank_15,-,TNPEKYFNPEAIKFIKENTGLDAEQWYNIMKLISKPEFNDLNFEKYNGYCENINDGRGFKIGRFGHTTGGPNDQNPTGPKLFTNYAKEKGAKNPSADKALELLGINGSLEGNIIKINDSEEKFCGIIKKLQNDPEWINAQIKTEYEEYIKTAVDLAKARGFTSAVFIGFLYYIALNMGATGGPTTLEGLLARSGDSKDEKEFLKALAAEAKKVIDDPKYNKPPNGTKAIQMFEDLVEAGKLDLKNIDELIDKVTDFEMK,259.0000000000,1.0000000000,0.9341000000,1.0000000000,0.9540000000,1.0000000000,0.8971000000,1.0000000000,0.8664000000,1.0000000000,0.9072000000,1.0000000000,0.9045000000,65<=,65<=,-
Rank_16,-,DDPAKYFNPETLKFIKENTGINAEQWYNIMKLISKPEFNDLNFTKYYGYCKNIGDGRGFEIGLFGFRTGGPNDQNPSGPKLFKEYAKELGEKNPSADKALKKLGINAKLEGNKIKINDSEEEFCGKIAKLQNDPNWINAIFKTAYEEYIKYAVDQAKARGFTDAVTIGFLTYIALNMGATGGPETLEGLLAKSGDSKDEKEFMLKLMEEAEKVINNPKYNKPPNGSKAIEMWRKLVEAGKLDLVNIDDFIKEVTDFEMK,259.0000000000,1.0000000000,0.9770000000,1.0000000000,0.9787000000,1.0000000000,0.9444000000,1.0000000000,0.9515000000,1.0000000000,0.9588000000,1.0000000000,0.9594000000,65<=,65<=,-
Rank_17,-,DDPAADFCPEALAFIRANTGLDAEQWANIMRLISKPEFNDLDWRKYYGYCENIGDGRGFRIGRFGFTTGGPNDQNPTGPRLFTEYARERGAENPSADKALELLGINARLEGNKIKIFDSEEEFCGKIAALENDPAWRLALFRTEWAEYGAYAVAQARARGFTSAVFIGLLYYLALNMGATGGPTTLEGLLAQSGDSTDEREFLLNLCDVAKKVIDDPKYNKPPNGTKAIDRWRTLVEKGALDLRDIDELIDEVCDFEMK,259.0000000000,1.0000000000,0.9414000000,1.0000000000,0.9660000000,1.0000000000,0.9546000000,1.0000000000,0.9340000000,1.0000000000,0.9338000000,1.0000000000,0.7963000000,65<=,65<=,-
Rank_18,-,RDPAKNFNPETLAFIKANTGLDAEQWDNIMKLISKPEFNDTNWEKYNGYCKNINDGRGFEIGRFGFRTGGPNDQNPTGPALFTAYAAARGAAAPSADAALKALGIDASLEGNIIKINDSEEKFCGKIAALKDDPAWIHALVTTEYDQYLKYAVAQAKARGFTSALTIAFLYYIALNMGATGGPTTLEGLLAQAGDSKDEKEFLLALCDETKKVIDDPKYNKPPNGTKAVERWRKLVELGKLDLKDIDDTIDEVTDFEMK,259.0000000000,0.0000000000,0.4439000000,1.0000000000,0.6666000000,1.0000000000,0.6181000000,1.0000000000,0.5521000000,1.0000000000,0.7629000000,0.0000000000,0.3955000000,<40,[60-65),*
Rank_19,-,INPEKYFCPETIKFIKENTGIDAEQWYNIMRLISKPEFNDLNFEKFNGYCENIGDGRGFRIGRFGFRTGGPNDQNPTGPLLFKNYAKAKGEENPSADKALELLGINARLEGNKIKIYDSEEEFCGKIKKLQNDPEWIFALFKTEWEVYGKYAVEEAKKRGFTSAVTIGLLYYIALNMGATGGPTTLEGLLAKSGDSKDEKEFLLNLCDVAKTVIDDPKYNKPPNGTKAIDMWRKLVELGKLDLKNIEETIKEVTDFEMK,259.0000000000,1.0000000000,0.9772000000,1.0000000000,0.9824000000,1.0000000000,0.9651000000,1.0000000000,0.9674000000,1.0000000000,0.9712000000,1.0000000000,0.9749000000,65<=,65<=,-
Rank_2,-,SNPADDFCPETLKFIKENTGLDAEQWSNIMKLISKPEFNDLDWKKYNGYCENIGDGRGYRIGRFGFTTGGPNDQNPTGPLLFKNYAEAKGSKNPSADEALKLLGINARLEGNKIKIFDSEEEFCGKIAKLENDPEWIFALTKTAYEVYLKFSVDEAKARGFTSALFIGLLFYIALNMGATGGPTTLEGLLAQAGDSKDEKEFLKNLCAVAKKVIDDPKYNKPPNGTKAIEMFEKLNEDGKWDLKDIDEEIKKVTDFEMK,259.0000000000,1.0000000000,0.7270000000,1.0000000000,0.8717000000,1.0000000000,0.8376000000,1.0000000000,0.8351000000,1.0000000000,0.9048000000,1.0000000000,0.8412000000,65<=,65<=,-
Rank_20,-,TNPEKYFCPKTIEFIKENTGLNAEQWYNIMRLISKPEFNDLNFEKYYGYCENINDGRGFKIGLFGFRTGGPNDQNPTGPLLFKNYAKELGSENPSADKALEKLGINAELKGNIIKIYDSEEKFCGKIAKLQNDPNWRLALFKTAYEVYLKYAVDQAKARGFTSAVAIGLLFFIALNMGATGGPTTLEGLLAKSGSSTDEKEFLLALCAEVKKVIDDPKYNKPPNGTKAIDMWETLVKEGKLDLTNIEDTIDKVTDFEMK,259.0000000000,1.0000000000,0.7451000000,1.0000000000,0.8240000000,1.0000000000,0.7087000000,1.0000000000,0.6408000000,1.0000000000,0.7875000000,1.0000000000,0.7635000000,65<=,65<=,-
Rank_21,-,TNPAENFSPEALKFIKENTGLNAEQWDNIMRLISKPEFNDLDWKKYYGYCENINDGRGFRIGRFGHTTGGPNDQNPTGPLLFKKYAEALGEENPSADAALKKLGINAKLEGKKIKIFDSEEKFCGIIKKLENDPNWILAQIKTEYEQYIKYSVEQAKARGFNSALTIGTLYYVALNMGATGGPTTLEGLLAKSGDSKDEKAFMKAFCAEVKKVIDDPKYNKPPNGTKAVDMWATLVDKGKLDLTGIDDEIDAVTDFEMK,259.0000000000,0.0000000000,0.4702000000,1.0000000000,0.6315000000,0.0000000000,0.4297000000,1.0000000000,0.5074000000,1.0000000000,0.5553000000,0.0000000000,0.2882000000,<40,[60-65),*
Rank_22,-,SNPAEDFNPKTLEFIKANTGIDAEQWANCMRLISKPEFNDLDWKKYNGYCENINDNRGYKIGRFGFTTGGPNDTNPSGPLLFKKYAEEKGEKNPSADKALEMLGINGYLDGNIIKINDSEEKFCGIIKKLENDPNWINALVKTEYEQYIKYAVEQCKARGFSSALSICFCYYVALNMGATGGATTLEGLLAQSGSSTDEKEFLKNLAAVVKTVIDDPKYNKPPNGTKAVDMFEKLVEKGALDLKDIDELIDEVTDYEMK,259.0000000000,1.0000000000,0.5919000000,1.0000000000,0.6728000000,1.0000000000,0.5557000000,0.0000000000,0.4635000000,1.0000000000,0.5016000000,0.0000000000,0.3114000000,[50-55),[60-65),*
Rank_23,-,TNPAKYFNPKSLEFIKKNTGLDAEQWYNIMKLISKPEFNDTNFEKYNGYCENINDGRGFRIGRFGFRTGGPNDQNPTGPELFKLYAEEKGEKNPSADAAFKSLGIDAELDGNLIKINDSEEKFCGIIAKLKNDPEWINALIKQEYNNYIKYAVDQAKARGFTSALTIGLLYFLALNMGATGGDTTLEGLLAKAGDSTDEKEFLLNLCAEAKKVIDDPKYNKPPNGTLAIERFEKLVLAGKLDLKNIDKEIEEVLDFEMK,259.0000000000,1.0000000000,0.6160000000,1.0000000000,0.7390000000,1.0000000000,0.5414000000,0.0000000000,0.4878000000,1.0000000000,0.6297000000,0.0000000000,0.4586000000,[50-55),[60-65),*
Rank_24,-,NNPAKYFCPETLKFIKENTGIDAEQWANIMKLISKPEFNDLNFWKYNGYCENINDGRGFRIGRFGHRTGGPNDQNPTGPKLFELYAKELGEENPSADKALEYLGINAKLEGNIIEIKDSEEKFCGIIKKLQNDPKWILALTRSEYENYIKYSVAQAKARGFTSALTIGFLYYIALNMGATGGPTTLEGLLAQSGDSKDEKEFMKNLAAEAKKVIDDPKYNKPPNGTKAVEMWETLNEKGLFDLKNIDKEIEEVTDFEMK,259.0000000000,1.0000000000,0.6919000000,1.0000000000,0.7264000000,1.0000000000,0.5671000000,1.0000000000,0.5875000000,1.0000000000,0.6748000000,1.0000000000,0.6233000000,65<=,65<=,-
Rank_25,-,IDPAKYFCPETIEFIKKNTGINAEQWYNIMKLIAKPEFNDLDFKKYYGYCEDIGDGRGYRIGLFGFRTGGPNDQNPSGPLLFKNYAEAKGEENPSADKALELLGINAKLEGNIIKIYDSKEKFCGIIAKLQDDPNWILALFKTEYEQYIKISVDLAKKRGFTSAVTIGFLYFLALNMGATGGPTTLEGLLAKSGNSKDEKEFLKNLSKVAKEVIDDPRYNKPPNGSKAISMFEKLVDAGKLDLEDIDDFIDEVTDFEMK,259.0000000000,1.0000000000,0.9471000000,1.0000000000,0.9611000000,1.0000000000,0.9206000000,1.0000000000,0.9106000000,1.0000000000,0.9426000000,1.0000000000,0.9478000000,65<=,65<=,-
Rank_26,-,LDPAKDFCPETLAFIKENTGLDAEQLHNIMKLISKPEFNDLDWPKYYGYCENIGDGRGYRIGLFGFTTGGPNDTNPTGPLLFKNYAAALGEADPSADKALAKLGINASLSGNIITINDSEEEFCGKIAKLQDDPAWRLALFRTFWDVYGKIAVAEAKARGFTSAVTIGFLIYIALNMGATGGDTTLEGLLAKSGDSTDEKEFMLNLSEEVKKVIDDPKYNKPPNGSKAVSIFEELVKAGKLDLKNIEEFIKEVTDFEMK,259.0000000000,1.0000000000,0.8106000000,1.0000000000,0.8647000000,1.0000000000,0.8476000000,1.0000000000,0.8064000000,1.0000000000,0.8927000000,1.0000000000,0.8365000000,65<=,65<=,-
Rank_27,-,SDPAKDFNPETLKFIKENTGIDAEQWDNIMKLISKPEFNDLNWKNYYGYCENINDGRGFKIGRFGFTTGGPNDQNPTGPLLFKKYAEALGDKNPSADKALKMLGINAKLEGNKIKINDSEKEFCGKIAKLKDNPEWIFALVKTEYEVYIKTAVEQAKARGFTSAVTIGLLYFLALNMGATGGPETLEGLLAQSGDSKDEKEFLKRLCDVAKKVIDNPKYNKPPNGTKAIDMFRTLVDKGKLELKNIDEEIKEVTDFEMK,259.0000000000,1.0000000000,0.7371000000,1.0000000000,0.8618000000,1.0000000000,0.8007000000,1.0000000000,0.8167000000,1.0000000000,0.8549000000,1.0000000000,0.7609000000,65<=,65<=,-
Rank_28,-,LNPEKYFCPEALKYIKENTGLNAEQWYNIMRLISKPEFNDLDFEKYYGYCENINDGRGFRIGRFGFRTGGPNDQNPTGPLLFKEYAKAKGEKNPSADKALKMLGINAKLEGNKIKIFDSEEKFCGIIEKLKNDPNWILAEIKTAYEVYIKYSVAAARARGFTSPLTIALLFYLALNMGATGGPETLEGLLARSGDSTDEREFMLRLCDVAEEVIDNPKYNKPPNGSKAIAMFRQLVELGKLDLENIDETIEEVTDYEMK,259.0000000000,1.0000000000,0.9878000000,1.0000000000,0.9888000000,1.0000000000,0.9782000000,1.0000000000,0.9765000000,1.0000000000,0.9744000000,1.0000000000,0.9796000000,65<=,65<=,-
Rank_29,-,INPAEYFNKETLEFIKKNTGIDAEQWYNIMKLISKPEFNDLNFKNYNGYCENINDGRGFRIGRFGFRTGGPNDTNPSGPKLFKLYAEEKGSKNPSADEALKMLGINAKLKGNLIEIKDSEEEFCGIIEKLKNDPNWINALEKAAYEQYLKYAVAQAKARGFTSALTIGFLFYVALNMGATGGPTTLEGLLARSGDSKDEKEFLKNFCAEVKKVIDDPKYNKPPNGTKAIDMWEKLVDKGALELKNIDKLIDEVTDFEMK,259.0000000000,1.0000000000,0.8957000000,1.0000000000,0.9332000000,1.0000000000,0.8513000000,1.0000000000,0.8855000000,1.0000000000,0.9223000000,1.0000000000,0.9256000000,65<=,65<=,-
Rank_3,-,INPAEYFCPEALKFIKENTGLDAEQWYNIMKLISKPEFNDLNWKKYYGYCENINDGRGFKIGRFGFTTGGPNDQNPSGPLLFKEYAKEKGEKNPSADKALELLGINARLEGNKIKIFDSEEEFCGKIKKLENDPKWRLALIKTEYEQYIKTAVAEAKARGFTDALTIGFLYFIALNMGATGGPTTLEGLLAKSGTSKDKKEFMLNLCKEAKKVIDDPKYNKPPNGTKAIEMFEKLVLAEKFDLKNIEEFIEEVTDYEMK,259.0000000000,1.0000000000,0.9577000000,1.0000000000,0.9746000000,1.0000000000,0.9455000000,1.0000000000,0.9524000000,1.0000000000,0.9654000000,1.0000000000,0.9668000000,65<=,65<=,-
Rank_30,-,LNPADYFCPEALAFIKENTGLDAEQWYNIMKLISKPEFNDLNFEKYNGYCENIGDGRGFRIGRFGFTTGGPNDQNPTGPALFTAYAAARGAADPSADAALAALGINARLVGTQIEIEDSEEAFCGKIAKLQNDPAWILALCRTFYDQYLKYSVDQAKARGFTSAVTIGFLTYVALNMGATGGDTTLEGLLAKSGDSKDEKEFMLKFCEEVEKVIDDPKYNKPPNGSKAVQMFRDLVLKGLLDLKDIDEEIEKVTDFEMK,259.0000000000,1.0000000000,0.5585000000,1.0000000000,0.7731000000,1.0000000000,0.7817000000,1.0000000000,0.6432000000,1.0000000000,0.8514000000,1.0000000000,0.6183000000,65<=,65<=,-
Rank_31,-,NDPAKNFCPETLKFIKENTGINAEQFDNIMKLISKPEFNDLDWKNYYGYCKNIGDGRGFEIGLFRFRTGGPNDQNPTGPLLFKNYAKARGEKNPSADKALELLGINARLEGNKIKVFDSEEKFCGIIAKLKDDPDWILALFKTFYEQYLKIAVEEAKKRGFSSALTIGFLTFIALNMGATGGDTTLEGLLAKAGDSKDEKEFMKNLAAVTKEVIDDPKYNKPPNGTKAINMWEKLNEKGLWDLENIDEAIKEVTDFEMK,259.0000000000,1.0000000000,0.8996000000,1.0000000000,0.9365000000,1.0000000000,0.8427000000,1.0000000000,0.8283000000,1.0000000000,0.9004000000,1.0000000000,0.8982000000,65<=,65<=,-
Rank_32,-,SNPAEDFCPETLEFIKKNTGLDAEQWANIMKLISKPEFNDLNWKKYYGYCENINDGRGYRIGRFGFTTGGPNDQNPYGPELFKNYAEAKGSKNPSADKALELLGINGRLEGNKIKIFDSEEKFCGVIKKLENDPNWILALEKTAYDKYLKYSVDEAKKRGFNSAVTIGFLYYIALNMGATGGPTTLEGLLKKSGDSKDEKEFMKKLMEEVEKVIDDPKYNKPPNGSKAINMFKELVEAGKLDLKNIDEEIKKVTDYEMK,259.0000000000,1.0000000000,0.9663000000,1.0000000000,0.9756000000,1.0000000000,0.9401000000,1.0000000000,0.9410000000,1.0000000000,0.9549000000,1.0000000000,0.9607000000,65<=,65<=,-
Rank_33,-,IDPAKYFNPKTLEFIKEKTGLDAEQWYNIMRLISKPEFNDLDFTKYYGYCENINDGRGFKIGLFGFRTGGPNDQNPTGPKLFKNYAEEKGSKNPSADKALELLGINAKLEGNLIKIFDSEEEFCGKIKSLENDPEWRNALVKTGYEEYLKYAVAQAKARGFNSALTIGLLYFLALNRGATGGPTTLEGLLAQAGNSTDEVEFLKNLCAVAKTVIDDPKYNKPPNGTKAIDMFQQLVDAGKLDLKDIEETIKKVTDYEMK,259.0000000000,1.0000000000,0.9255000000,1.0000000000,0.9610000000,1.0000000000,0.9192000000,1.0000000000,0.8843000000,1.0000000000,0.9250000000,1.0000000000,0.9078000000,65<=,65<=,-
Rank_34,-,SNPAEDFCPETIEFIKKNTGIDAEQWANIMKLISKPEFNDLDYKKYYGYCENIGDNRGFRIGLFGERTGGENDQNPTGPDLFKAYAAAKGEKNPSADKALELLGINARLVGNKIEIFDSEEEFCGIIAKLKDDPEWRLALFKTFYDKYLKYSVKEAKARGFTSALFIGLLTYIALNMGATGGPTTLEGLLAQSGDSKDEKEFMKNLCAVAKKVIDDPKYNKPPNGTKAIDMWETLNEKGLFDLKNIEEEIKKVTDFEMK,259.0000000000,1.0000000000,0.8195000000,1.0000000000,0.8901000000,1.0000000000,0.8011000000,1.0000000000,0.8359000000,1.0000000000,0.8812000000,1.0000000000,0.8833000000,65<=,65<=,-
Rank_35,-,SNPAEDFCPEALAFIKENTGIDAEQWSNIMKLISKPEFNDLDWKKYYGYCEDINDGRGFRIGRFGFRTGGPNDQNPTGPALFTAYAAALGEADPSADKALDKLGINARLEGTKIKIFDSKETFCGKIAALQDDPAWILAEIRTAYDKYIKYAVDQAKARGFTSALTIGFLIYVALNMGATGGPTTLEGLLKQSGNSTDEKEFMLNFCDEVKKVIDDPKYNKPPNGSKAVDMWRKLVLDGKLDLKNIEKEIEEVTDFEMK,259.0000000000,1.0000000000,0.6766000000,1.0000000000,0.7604000000,1.0000000000,0.6860000000,1.0000000000,0.6246000000,1.0000000000,0.8251000000,1.0000000000,0.6380000000,65<=,65<=,-
Rank_36,-,KNPEKYFCPETLKFIKENTGIDAEQWYNIMKLISKPEFNDLNFENYYGYCENIKDGRGFKIGLFGFTTGGEKDQNPSGPLLFKLYAKEKGEENPSADKALKLLGINAKLEGKLIKINDSEEKFCGIIAKLKNDPAWRLALVKAAYEKYIKTAVDEAKARGFTSPLTIGLLIYIALNMGATGGPTTLEGLLAKSGDSKDEKEFMLNLCDEAKKVIDDPKYNKPPNGTKAINRWEELVKLGKLDLKNIDETIKEVCDYEMK,259.0000000000,1.0000000000,0.9070000000,1.0000000000,0.9474000000,1.0000000000,0.8867000000,1.0000000000,0.8546000000,1.0000000000,0.9050000000,1.0000000000,0.9221000000,65<=,65<=,-
Rank_37,-,ENPAEYFCPETLKFIKENTGIDAEQWDNIMKLISKPEFNDLNWKKYNGYCENINDGRGYKIGRFGFRTGGENDQNPTGPKLFEYYAEALGEKNPSADAALKKLGINAKLSGNVIEINDSEEKFCGIIKKLENDPNWILALTKTEYDEYIKYAVDLARKRGFTSPVFIGFLYYVALNMGATGGPTTLEGLLAKSGDSKDEKEFMLKFSEEVKKVIDDPKYNKPPNGSKAIEMFEKLVLAGKLDLKDIDEFIKEVTDFEMK,259.0000000000,1.0000000000,0.8426000000,1.0000000000,0.8886000000,1.0000000000,0.8018000000,1.0000000000,0.8035000000,1.0000000000,0.8882000000,1.0000000000,0.8666000000,65<=,65<=,-
Rank_38,-,FNPAKNFDPETLKFIKENTGLNAEQWDNIMKLISKPEFNDLDWKKYYGYCEDIKDGRGYRIGLFGHRTGGENDKNPTGPLLFKNYAAAKGEKNPSADKALELLGINAKLEGNQIKINDSKEKFCGIIAKLKDDPEWRFALWKTAYEQYGKYSVAKAKARGFNSAVTIAFLFYLALNMGATGGETTLEGLLAKSGDSTDEKEFMLNLCAEAKKVIDDPKYNKPPNGTKAVDMFEKLVELGKLELENIEETIKEVTDFEMK,259.0000000000,1.0000000000,0.5331000000,1.0000000000,0.7152000000,1.0000000000,0.5345000000,1.0000000000,0.5973000000,1.0000000000,0.7298000000,1.0000000000,0.7182000000,65<=,65<=,-
Rank_39,-,RNPEKNFNPETIKFIKENTGLDAEQWDNIQRLISKPEFNDLNWEKYNGYCENINDNRGFRIGRFGHRTGGPNDQNPSGPLLFKNYAKEKGEKNPSADKALEMLGINAKLEGNIIKIEDSEEKFCGIIKKLQNDPEWINALIKTEYENYMKYSVDQAKKRGFTSPLTIGALYYVALNMGATGGPTTLEGLLAQSGDSKNEKEFMLNFCKEAKKVIDDPKYNKPPNGSKAIERFEKLVEKGKLDLKNIDEEIDEVTDYEMK,259.0000000000,1.0000000000,0.7380000000,1.0000000000,0.7942000000,1.0000000000,0.6761000000,1.0000000000,0.6717000000,1.0000000000,0.6869000000,1.0000000000,0.7020000000,65<=,65<=,-
Rank_4,-,DNPAEYFNPKTLEFIKENTGIDAEQWYNIMKLISKPEFNDLDFPKYNGYCENINDGRGFRIGRFGHTTGGPNDQNPTGPLLFKNYAKEKGEKNPSADAALKMLGINAKLEGNIIKIFDSEEKFCGVIAKLKNDPNWINALVKTEYEQYIKYAVEQAKARGFTSAVDIALLYYLALNMGATGGPTTLEGLLKQSGDSKDEKEFLLNLCKVAKKVIDDPKYNKPPNGTKAVEMFEKLVEAGKFDLKDVDEFIKEVTDFEMK,259.0000000000,1.0000000000,0.9447000000,1.0000000000,0.9650000000,1.0000000000,0.9218000000,1.0000000000,0.9308000000,1.0000000000,0.9387000000,1.0000000000,0.9410000000,65<=,65<=,-
Rank_40,-,ENPADNFCPESLKFIKENTGLDAEQWDNIMKLISKPEFNDLNWKKYYGYCKNINDGRGFEIGLFGFTTGGEKDTNPTGPLLFKNYAEAKGEKNPSADKALKLLGINAKLEGNKIKIFDSEEEFCGKIKKLKDDPEWIFAQIKTAYETYIKYSVDQARARGFTSAVAIGFLFYVALNMGATGGPTTLEGLLARAGDSTDEREFLLRLADVVEEVIDDPKYNKPPNGSKAVEMWRTLVEKGKLDLKDIDDLIDEVTDFEMK,259.0000000000,1.0000000000,0.9768000000,1.0000000000,0.9835000000,1.0000000000,0.9567000000,1.0000000000,0.9532000000,1.0000000000,0.9620000000,1.0000000000,0.9645000000,65<=,65<=,-
Rank_41,-,IDPAKYFNPKTLKFIKENTGLDAEQWYNIYKLISKPEFNDTNFEKYNGYCKNINDGRGFEIGRFGFRTGGPNDTNPTGPELFKNYAKEKGEKNPSADKALKLLGINAELKGTIIKINDSEEKFCGIIAKLKNDPEWINALERTAYEKYLKYAVEQAKARGFTSAVTIGFLYYIALNMGATGGDTTLEGLLAKSGDSKDEKEFMLNLAEVAKEVIDDPKYNKPPNGTKAIDMWEKLVKAGALELKNIDELIKEVTDFEMK,259.0000000000,1.0000000000,0.8374000000,1.0000000000,0.8871000000,1.0000000000,0.7931000000,1.0000000000,0.8213000000,1.0000000000,0.8845000000,1.0000000000,0.8711000000,65<=,65<=,-
Rank_42,-,TDPAKWFCPETLKFIKENTGLDAEQWANIMRLISKPEFNDLDFPKYYGYCENINDGRGFRIGLFGFTTGGPNDQNPTGPKLFTLYSKAKGSKNPSADNALKLLGINAKLKGTQIEISDSEEEFCGKIAALQNDPEWILAQFQAAYEVYIKKSVELAKARGFTSAVTIGLLFYIALNMGATGGATTLEGLLAKSGDSKDEKEFLLNLCKEVKTVIDDPKYNKPPNGTKAINMFETLVKKGKLDLKDIDEEIEKVTDFEMK,259.0000000000,1.0000000000,0.6076000000,1.0000000000,0.6983000000,1.0000000000,0.6494000000,0.0000000000,0.4849000000,1.0000000000,0.8009000000,1.0000000000,0.6938000000,[50-55),65<=,*
Rank_43,-,ENPAKYFNEKTIEFIKKNTGLDAEQWYNIMKLISKPEFNDLDFSKFYGYCEDIGDNRGFRIGRFGFTTGGPNDTNPTGPELFKLYAKEKGEKNPSADKALKLLGINAKLSGNKITINDSKEEFCGKIAKLTNDPNWINAQVKAEYDKYLKKSVALAKARGFTSAVTIGLLYYIALNMGATGGPTTLEGLLAKSGDSKDEKEFLLKLCDVAKEVIDDPKYNKPPNGTKAINMWEELVKAGKLDLKNIEDEIKKVTDFEMK,259.0000000000,1.0000000000,0.9310000000,1.0000000000,0.9582000000,1.0000000000,0.9323000000,1.0000000000,0.9330000000,1.0000000000,0.9453000000,1.0000000000,0.9427000000,65<=,65<=,-
Rank_44,-,INPEKFFNPETLKFIKENTGLDAEQWYNIMKLISKPEFNDLNWENYYGYCENINDGRGYRIGRFGHRTGGENDQNPTGPKLFEKYAEEKGEKNPSADKALKLLGINAKLEGNKIKIFDSEEKFCGKIKELKDDPEWINAQVKTEYENYLKYAVDQARARGFTSAVTIALLYYIALNMGATGGDTTLEGLLAKSGDSTDEVAFLKALCAVTKEVIDDPKYNKPPNGSKAVDMFSKLVDAGLLDLKNIDEAIEEVTDFEMK,259.0000000000,1.0000000000,0.9085000000,1.0000000000,0.9241000000,1.0000000000,0.9133000000,1.0000000000,0.9232000000,1.0000000000,0.9044000000,1.0000000000,0.9371000000,65<=,65<=,-
Rank_45,-,MDPAKYFSPETLKYIKENTGLDAEQWANIMRLISKPEFNDLNFPKYYGYCENIGDGRGFKIGLFGFTTGGENDKNPTGPKLFKLYAEEKGEKNPSADAALKMLGIDAELKGNIIKINDSEEEFCGKIAKLQNDPNWINALFKAAYEEYIKYSVEQAKARGFTSAVTIGFLFFIALNMGATGGPTTLEGLLAKAGDSKDEKEFLLALCAEAKKVIDNPKYNKPPNGSKAIKMWETLVKKGLFDLKDIDAEIDEVTDFEMK,259.0000000000,1.0000000000,0.7302000000,1.0000000000,0.8141000000,1.0000000000,0.7888000000,1.0000000000,0.7252000000,1.0000000000,0.8629000000,1.0000000000,0.7399000000,65<=,65<=,-
Rank_46,-,ENPAKYFCPKTLEFIKKNTGIDAEQWYNIMKLISKPEFNDLNFEEYNGYCKNINDGRGYEIGRFGFRTGGPNDQNPTGPKLFENYAKEKGEKNPSADKALELLGINAKLEGNKIKIEDSEEKFCGKIAKLKNDPNWIFALVKTEYEEYIKYAVDEARARGFTSPLAIAFLYYIALNMGATGGPTTLEGLLARAGDSTDEVAFLLDLCEEVKKVIDDPKYNKPPNGSLAIDRFRQLVLAGQLDLKNIDEFIKEVTDYEMK,259.0000000000,1.0000000000,0.9757000000,1.0000000000,0.9797000000,1.0000000000,0.9560000000,1.0000000000,0.9583000000,1.0000000000,0.9656000000,1.0000000000,0.9639000000,65<=,65<=,-
Rank_47,-,INPEKYFCPETIKFIKENTGIDAEQWYNIMRLISKPEFNDLNFSKYYGFCEDIGDGRGYRIGLFGFRTGGPNDQNPTGPELFKNYAAAKGEKNPSADAALKLLGINAKLEGNIIKINDSKETFCGKIAKLQNDPEWILALFKTAYEQYIKTAVDLAKARGFDSALTIGFLFFLALNMGATGGDTTLEGLLAKSGDSKDEKEFMLTLADVAKTVIDDPKYNKPPNGTKAINMWEELVKKGKLDLKDIEETIDEVTNFEMK,259.0000000000,1.0000000000,0.6715000000,1.0000000000,0.7977000000,1.0000000000,0.6780000000,1.0000000000,0.6198000000,1.0000000000,0.8077000000,1.0000000000,0.7719000000,65<=,65<=,-
Rank_48,-,IDPAKNFCPETLKFIKENTGINAEQWDNIMKLISKPEFNDLNWEKYNGYCENINDNRGFRIGRFGFRTGGPNDQNPLGPQLFKNYAAAKGYKNPSADKALKDLGINAYLDGNIIKINDSEEKFCGIIKKLQNDPEWILALTRTAYEAYLKYSVEQARKRGFTSPVTIGFLFFLALNMGATGGPTTLEGLLAQAGDSKDEKEFLLNLCDEAEKVIDDPKYNKPPNGTKAIDMWRKLVLAGKLDLENIDEEIEKVTDFEMK,259.0000000000,1.0000000000,0.8267000000,1.0000000000,0.8885000000,1.0000000000,0.7564000000,1.0000000000,0.7044000000,1.0000000000,0.8082000000,1.0000000000,0.7257000000,65<=,65<=,-
Rank_49,-,TNPAENFCPEALKFIKENTGIDAEQFDNIMKLISKPEFNDTDYKKYYGYCENINDGRGYRIGLFGHRTGGPNDQNPTGPALFKAYAAAKGEKNPSADAALKLLGINAKLVGNKIEIKDSEEEFCGKIAKLENDPNWRLAQIKTFWEQYGKFAVDQAKARGFSSALTLGFLLYVALNMGATGGPTTLEGLLAQSGDSTDEKEFMLNLAAVTKKVIDDPRYNKPPNGTKAVDMWERLVKAGKLDLKDIEKFIDEVTNFEMK,259.0000000000,1.0000000000,0.6042000000,1.0000000000,0.7605000000,1.0000000000,0.6029000000,1.0000000000,0.5784000000,1.0000000000,0.7154000000,1.0000000000,0.6354000000,65<=,65<=,-
Rank_5,-,TDPAKYFNPETLKFIKENTGIDAEQWDNIMKLISKPEFNDLNWEKYNGYCENINDNRGYRIGRFGFTTGGPNDTNPTGPLLFKNYAAEKGEKNPSADKALELLGIDAKLVGNIIEINDSEEEFCGKIAKLQNDPEWINALFKTEWEVYGKYSVDQAKARGFTSPVFIGFLFYLALNMGATGGPTTLEGLLAQSGDSTDEKEFLKKLCEEAKKVIDDPKYNKPPNGTKAIDMWAQLVDAGKLDLKNIDAFIDEVTDFEMK,259.0000000000,1.0000000000,0.6922000000,1.0000000000,0.8580000000,1.0000000000,0.7899000000,1.0000000000,0.7633000000,1.0000000000,0.8329000000,1.0000000000,0.6452000000,65<=,65<=,-
Rank_50,-,VNPEKNFSPKTIEFIKENTGLDAEQFDNIMRLISKPEFNDLDWKKYYGYCEDIGDGRGYKIGLFGFRTGGPNDQNPSGPLLFKNYAKEKGEKNPSADKALKLLGIDAKLEGKIIKINDSKEKFCGKIKALENDENWINALFKTMYDQYLKTAVAEAKARGFTDALTIAFLFYVALNMGATGGPTTLEGLLAQAGDSKDPKAFMLRLADEVLKVIDDPKYNKPPNGSKAIEMFRTLVEAGALDLKNIDELIDKVTDFEMK,259.0000000000,1.0000000000,0.9264000000,1.0000000000,0.9537000000,1.0000000000,0.9072000000,1.0000000000,0.9000000000,1.0000000000,0.9292000000,1.0000000000,0.9105000000,65<=,65<=,-
Rank_51,-,YNPEKDFNPESLKFIKENTGLDAEQWANIMKLISKPEFNDLNWKKFNGYCENIGDGRGYRIGRFGFTTGGPNDQNPSGPELFKLYAKEKGEKNPSADAALKKLGINAKLEGNIIKINDSEEKFCGIIKKLENDPEWINAEIKAAYEKYIKTSVAQAKARGFTSALTIGLLFDLALNMGATGGPTTLEGLLAQSGSSTDEKEFMLRLCDVAKKVIDDPKYNKPPNGSLRIDRWRQLVLAGKLDLKDIEELIKEVTDFEMK,259.0000000000,1.0000000000,0.8864000000,1.0000000000,0.9143000000,1.0000000000,0.8659000000,1.0000000000,0.8601000000,1.0000000000,0.9148000000,1.0000000000,0.8950000000,65<=,65<=,-
Rank_52,-,YDPSKYFNEETLKFIKENTGLDAEQWANIMKLISKPEFNDKNFKKYYGYCENINDGRGYKIGRFGFRTGGPNDKNPTGPLLFKLYAKEKGEKNPSAEKALKLLGINAKLEGNIIDIKDSEEKFCGIIAKLQNDPKWINALVRAEYEVYGKTAVALAKARGFTSAVAIGLLYFIALNMGATGGDTTLEGLVAKSGDSKDEKEFLKNLCAVAKEVIDDPKYNKPPNGSKAIDIWETLVDKGKLDLKNIEETIDEVTDFEMK,259.0000000000,1.0000000000,0.8759000000,1.0000000000,0.9319000000,1.0000000000,0.8512000000,1.0000000000,0.8696000000,1.0000000000,0.8950000000,1.0000000000,0.9228000000,65<=,65<=,-
Rank_53,-,EDPAKYFCPESLEFIKKNTGLDAEQWYNIMKLISKPEFNDLNFEKYYGYCENIGDGRGFRIGRFGHRTGGPNDKNPTGPLLFTNYAAAKGEKNPSADKALKLLGIDAKLEGNIIKINDSEEKFCGIIKKLQNDPEWRFALIKTEWEVYGKKAVALAKARGFDSAVTIGLLYYIALNMGATGGDTTLEGLLAKSGDSKDEKEYLLNLCKVVKEVIDNPKYNKPPNGTKAIEMFETLVEKGLLDLKNVEEEIEEVTDFEMK,259.0000000000,1.0000000000,0.8429000000,1.0000000000,0.9004000000,1.0000000000,0.8533000000,1.0000000000,0.9136000000,1.0000000000,0.9329000000,1.0000000000,0.9469000000,65<=,65<=,-
Rank_54,-,SNPEKDFNPKTLEFIKANTGLDAEQWSNIMKLISKPEFNDLDWTKYYGYCEDIGDGRGFRIGLFGHTTGGPNDTNPTGPLLFKNYAEALGEKNPSADKALKHLGINAKLEGKIIKIEDSKEKFCGVIAKLKNNPNWIYALFKTEYEVYIKYAVDQAKARGFTSALTIGTLYYVALNMGATGGDTTLEGLLAKSGDSKDEKEFLLNFCDVVETVIDDPKYNKPPNGSKAIEMFRKLVELGKLDLKNIEETIKEVTDYEMK,259.0000000000,1.0000000000,0.7917000000,1.0000000000,0.8649000000,1.0000000000,0.7868000000,1.0000000000,0.7886000000,1.0000000000,0.8581000000,1.0000000000,0.8775000000,65<=,65<=,-
Rank_55,-,ENPEKYFSPKALEFIKENTGIDAEQWYNIMKLISKPEFNDLNFEKYNGYCEDIKDGRGYKIGLFGFTTGGPNDQNPSGPELFKAYAAERGEENPSADAALKYLGINAKLEGTKIKINDSKEEFCGKIAKLKNDPEWINALIKTFYEKYLKYSVDQAKARGFSSALSIGFLTFIALNMGATGGPTTLEGLLARAGDSKDEKEFLLALCDEVEKVIDDPKYNKPPNGSKAIEMFRRLVEAGKLDLKNIDEFIEEVTDFEMK,259.0000000000,1.0000000000,0.9599000000,1.0000000000,0.9714000000,1.0000000000,0.9313000000,1.0000000000,0.9231000000,1.0000000000,0.9348000000,1.0000000000,0.9448000000,65<=,65<=,-
Rank_56,-,SDPAKNFCPEALKYIKDNTGIDAEQWDNIMKLISKPEFNDLNYPKYNGYCKNIKDGRGFEIGRFGHRTGGPNDQNPTGPALFTAYAKAKGAENPSADKALELLGINAELKGNIIEIKDSEEEFCGKIAKLKNDPNWILAQIQTEYENYIKYAVDQCKARGFTSPVAIGLFYFIALNMGATGGDTTLEGLLAKSGDSTDEKEFLLKLCEVAKTVIDDPKYNKPPNGTKAIEMFETLVKKGLLDLKNIEKEIEEVTDYEMK,259.0000000000,1.0000000000,0.7046000000,1.0000000000,0.8088000000,1.0000000000,0.7549000000,1.0000000000,0.6766000000,1.0000000000,0.7989000000,1.0000000000,0.7859000000,65<=,65<=,-
Rank_57,-,VNPAEYFCPETLKFIKENTGLNAEQWYNIMKLISKPEFNDLNFKKYYGYCEDIGDGRGYKIGLFGFTTGGPNDQNPTGPKLFELYAKEKGEENPSADKALELLGINAELEGNKIKIKDSKEKFCGKIAALENDPEWKLALFKAAYEEYGKYAVEQAKARGFNSAVTIGLLYYLALNMGATGGETTLEGLLAKSGDSKDEKEFLKKLCEVAKEVIDDPKYNKPPNGTKAIEMFEKLVEEGKLDLENIDEKIKEVTDFEMK,259.0000000000,1.0000000000,0.9842000000,1.0000000000,0.9876000000,1.0000000000,0.9719000000,1.0000000000,0.9672000000,1.0000000000,0.9743000000,1.0000000000,0.9792000000,65<=,65<=,-
Rank_58,-,NNPANNFSPKAIEFIKANTGINAEQWDNIMKLISKPEFNDLNWKNYNGYCEDIGDGRGFRIGRFGFTTGGPNDTNPTGPLLFKEYAREKGAEEPSAEKALKLLGINARLVGNLIEIFDSKEEFCGKIAKLKNDPNWINALIRTEYDVYGKYAVDQARARGFTSPVTIGLLYYLALNMGATGGPTTLEGLLARAGDSTDERAFLRRLCAVAKEVIDDPKYNKPPNGTKAIDMWAQLVDAGLLDLENVDEEIDKVTDFEMK,259.0000000000,1.0000000000,0.9387000000,1.0000000000,0.9624000000,1.0000000000,0.9518000000,1.0000000000,0.9384000000,1.0000000000,0.9472000000,1.0000000000,0.9032000000,65<=,65<=,-
Rank_59,-,TNPAENFCPETLKFIKENTGIDAEQWDNIMKLISKPEFNDLDWEKYNGYCEDINDGRGYKIGLFGFRTGGPNDQNPTGPLLFKNYAEAKGEKNPSADKALKILGINAYLDGNIIKINDSKEKFCGKIAKLKNDPNWIFALTKTFYEVYLKYSVDQAKARGFTSAVTIGLLTYLALNMGATGGPTTLEGLLAQAGTSTDEKTFLKNLCAEAKKVIDDPKYNKPPNGTLAIDRWEKLVDAGKLELENIDEEIDKVCDYEMK,259.0000000000,1.0000000000,0.7938000000,1.0000000000,0.8590000000,1.0000000000,0.7360000000,1.0000000000,0.7218000000,1.0000000000,0.8120000000,1.0000000000,0.7740000000,65<=,65<=,-
Rank_6,-,DDPAKYFCPEALKFIKANTGLNAEQWYNIMKLISKPEFNDLDFTKYYGYCENIGDGRGYRIGLFGFRTGGPNDQNPTGPELFKEYAKEKGEKNPSADAALKMLGINAKLEGNKIKIFDSEEEFCGKIAKLQNDPEWRLALIKTFYNNYLKYSVDQAKKRGFTSAVFIGFLTYVALNMGATGGPTTLEGLLAKSGDSKDEKEFMKNFCAEVKKVIDDPRYNKPPNGSKAVDMFERLVEAGKLDLENIDDFIEEVTDFEMK,259.0000000000,1.0000000000,0.8808000000,1.0000000000,0.9337000000,1.0000000000,0.8508000000,1.0000000000,0.8602000000,1.0000000000,0.8983000000,1.0000000000,0.9108000000,65<=,65<=,-
Rank_60,-,INPAEDFCPETLKFVKENTGLDAEQLYNIMRLISKPEFNDLNWKKYYGYCENINDGRGFKIGLFGFRTGGPNDKNPTGPLLFKNYAEAKGEENPSADKALEILGINAKLEGNIIKISDSEEKFCGIIAKLENDPEWILALFKTAYEVYGKYSVNQAKARGFTSALTIGLLFDIALNMGATGGPTTLEGLLAQSGTSTDEKEFLKNLCDVVKKVIDDPKYNKPPNGTKRVNMWEELVNAGKLDLKNIDEFIKEVTDFEMK,259.0000000000,1.0000000000,0.8970000000,1.0000000000,0.9377000000,1.0000000000,0.8908000000,1.0000000000,0.8772000000,1.0000000000,0.9252000000,1.0000000000,0.9354000000,65<=,65<=,-
Rank_61,-,VNPEKYFSPETLKFIKENTGLDAEQWYNIMKLISKPEFNDLNFTNFNGYCEDIGDGRGFRIGRFGFRTGGPNDQNPTGPKLFTNYAKEKGSKNPSADEALKLLGIDGKLEGNIIKINDSKEKFCGKIAKLKNDPNWINALVKTEYETYIKYSVDLCKKRGFSSALSIGLFYYIALNMGATGGDTTLEGLVAKSGDSKDEKEFLLNLCDVAKEVIDDPRYNKPPNGTKAIDMFRELVLKGKLDLKNIDEEIEKVTDFEMK,259.0000000000,1.0000000000,0.8584000000,1.0000000000,0.8930000000,1.0000000000,0.8240000000,1.0000000000,0.8461000000,1.0000000000,0.8741000000,1.0000000000,0.8574000000,65<=,65<=,-
Rank_62,-,LNPAEYFCPETLKFIKENTGIDAEQFYNIMKLISKPEFNDLNFPKYYGYCENIGDGRGFRIGLFGFTTGGPNDQNPTGPQLFTLYAEAKGAKNPSADKALELLGINARLVGNKIEIKDSEEKFCGIIKKLQNDPEWRLALFKQAYDQYLKTAVDYAKARGFTSPVFIGFLFFLALNMGATGGPTTLEGLLKQSGSSKDEKEFMKNLAKVAKKVIDDPKYNKPPNGTKAVEMWEKLVEKGKLDLKNIEEEIKEVTDFEMK,259.0000000000,1.0000000000,0.9939000000,1.0000000000,0.9954000000,1.0000000000,0.9849000000,1.0000000000,0.9804000000,1.0000000000,0.9846000000,1.0000000000,0.9857000000,65<=,65<=,-
Rank_63,-,LNPEKYFCPETLKFIKENTGIDAEQWYNIMRLISKPEFNDLNFTEYNGYCEDIKDGRGFRIGRFGFRTGGPNDQNPSGPLLFKLYAEAKGSENPSADKALEMLGINAKLEGNQIKIEDSKEEFCGKIAALKDDPAWILALTKAFYEKYLKYSVDQAKARGFTSPLTIGLLTYIALNMGATGGDTTLEGLLAKAGDSKDEKTFLLNLCEVAKKVIDDPKYNKPPNGTKAIQMWEDLVKKGLLDLKNIEEEIKKVTDYEMK,259.0000000000,1.0000000000,0.9549000000,1.0000000000,0.9679000000,1.0000000000,0.9407000000,1.0000000000,0.9396000000,1.0000000000,0.9627000000,1.0000000000,0.9610000000,65<=,65<=,-
Rank_64,-,ENPEKNFCPESLKFIKENTGLDAEQWDNIMKLISKPEFNDLNWKKYNGYCEDINDGRGFKIGRFGFTTGGPNDTNPSGPELFKNYAKEKGEKNPSADKALKLLGINAELEGTKIKIFDSKEKFCGIIKKLENDKNWINALIKTEYEKYIKYAVDAARARGFTSALFIGFLYYIALNMGATGGPTTLEGLLAQSGDSKDEKAFMLKLADEVEKVINNPKYNKPPNGSKAVEMWRKLNEAGKWDLKNIEDLIKEVTDFEMK,259.0000000000,1.0000000000,0.9564000000,1.0000000000,0.9738000000,1.0000000000,0.9433000000,1.0000000000,0.9470000000,1.0000000000,0.9618000000,1.0000000000,0.9569000000,65<=,65<=,-
Rank_65,-,NNPANNFNPKTLEFIKENTGLNAEQWDNIMKLISKPEFNDLNWKNYNGYCENINDGRGYRIGRFGFTTGGPNDQNPTGPKLFTLYAKEKGEKNPSADKALELLGINARLDGNKIEIFDSEEEFCGIIAKLKDDPEWINALVRAEYEQYLKYAVEQCRARGFTSPLAIGFLFFVALNMGATGGPTTLEGLLARAGDSKDEKEFLLKLAEEVKKVIDDPKYNKPPNGTKAVQMFEDLVKAGKLDLENIDETIKEVTDFEMK,259.0000000000,1.0000000000,0.9648000000,1.0000000000,0.9831000000,1.0000000000,0.9691000000,1.0000000000,0.9634000000,1.0000000000,0.9693000000,1.0000000000,0.9717000000,65<=,65<=,-
Rank_66,-,INPEKYFNPETLKFIKENLGIDAEQWYNIYRLISKPEFNDLNFEKYNGYCKNINDGRGFEIGRFGFRTGGPNDTNPTGPLLFKNYAKEKGEKNPSADKALEMLGINASLEGNIIKINDSEEKFCGKIAKLKNDPNWILALEKTAYEVYMKYAKEQCLARGFTSPLFLGLCFDIALNMGATGGPTTLEGLLAQSGDSTDEKEFMLNLCAVAKKVIDDPKYNKPPNGTKRIEMWETLVKLGLLDLKNIEKEIEKVTDFEMK,259.0000000000,1.0000000000,0.8671000000,1.0000000000,0.9011000000,1.0000000000,0.8436000000,1.0000000000,0.8588000000,1.0000000000,0.8999000000,1.0000000000,0.9120000000,65<=,65<=,-
Rank_67,-,SNPAENFCPEALKFIKENTGIGAEQWDNIMKLISKPEFNDLDWKKYNGYCENIGDGRGFRIGRFGFTTGGPNDTNPTGPALFTAYAKAKGAADPSADKALEMLGIDAKLDGTIIEIKDSEEKFCGKIKKLQDDPEWILALVETEYQQYIKYSVAQAKARGFNSPVTIALLYYIALNMGATGGETTLEGLLAKSGDSKDEKEFLKELCAEAKKVIDDPKYNKPPNGTKAIDMFEKLVDAGKLDLENVEEFIKEVTDFEMK,259.0000000000,0.0000000000,0.4659000000,1.0000000000,0.6586000000,1.0000000000,0.5669000000,0.0000000000,0.4262000000,1.0000000000,0.7346000000,1.0000000000,0.5609000000,<40,65<=,*
Rank_68,-,VNPEKYFNPEAIKFIKENTGLNAEQWYNIMKLISKPEFNDLDFTKYNGYCEDIGDGRGFRIGLFGFTTGGPNDTNPTGPALFKAYAAERGAADPSADKALALLGINARLEGNKIKINDSKETFCGKIAALQNDPAWINALIKTAYEQYIKYSVEQAKARGFDSAVTIAFFFFVALNMGATGGPTTLEGLLKQSGDSKDEKEFLLNFCEVTKKVIDDPKYNKPPNGTKAVEMFETLVKEGKLDLENIEETIEKVTDFEMK,259.0000000000,1.0000000000,0.8654000000,1.0000000000,0.9241000000,1.0000000000,0.8739000000,1.0000000000,0.8531000000,1.0000000000,0.9029000000,1.0000000000,0.8835000000,65<=,65<=,-
Rank_69,-,MDPAKFFCPETLAFWKENTGLDAEQLANIMRLISKPEFNDLDFEKYYGYCEDIKDGRGFKIGLFGFRTGGPNDKNPTGPLLFKNYAAARGEKNPSADKALKALGINAKLEGNIIKINDSKEKFCGIIEKLKDDPDWILALFKTAWEVYGKYSVDQAKARGFTSAVTIGLLFYIALNMGATGGDTTLEGLLAKSGSSTDEKEFLKNLCDVVETVIDDPKYNKPPNGSKAIQMFRDLVDAGALDLKDIEALIDKVTDFEMK,259.0000000000,1.0000000000,0.6082000000,1.0000000000,0.7754000000,1.0000000000,0.6882000000,1.0000000000,0.5656000000,1.0000000000,0.6593000000,1.0000000000,0.5658000000,65<=,65<=,-
Rank_7,-,TDPAKNFSPETLKFIKENTGLDAEQWDNIMKLISKPEFNDLDWKKYYGYCENINDNRGFKIGLFGHRTGGPNDQNPTGPKLFTYYAKEKGEKNPSADKALEMLGINGKLSGNIIEINDSEEKFCGKIKALENDPEWINALFKTAYDEYLKKSVALAKARGFNSALTIGLLFYIALNMGATGGPTTLEGLLAQAGDSKDEKEFLAKLCEEAKKVIDDPKYNKPPNGSKAISMFEELNKEGKFDLKNIDETIKKVTDFEMK,259.0000000000,1.0000000000,0.7270000000,1.0000000000,0.8566000000,1.0000000000,0.7316000000,1.0000000000,0.6720000000,1.0000000000,0.7602000000,1.0000000000,0.7453000000,65<=,65<=,-
Rank_70,-,RNPAEYFCPEALKFIKENTGIDAEQWYNIMRLISKPEFNDLDFPKYYGYCKNINDGRGFEIGRFGFRTGGPNDQNPTGPDLFKKYAEEKGEENPSADKALEILGINAKLEGNKIKIFDSEEEFCGKIKALENDPNWRLALIKTEYENYIKTAVAYAKARGFTSALTIGLLYYIALNMGATGGPTTLEGLLAQSGTSTDEKTFMLNLCDVVTKVIDDPKYNKPPNGTLAINRFRTLVEKGLLDLKNVDSEIEKVTDFEMK,259.0000000000,1.0000000000,0.8396000000,1.0000000000,0.8953000000,1.0000000000,0.8358000000,1.0000000000,0.8511000000,1.0000000000,0.9026000000,1.0000000000,0.8904000000,65<=,65<=,-
Rank_71,-,ENPAEYFCPESLKFIKENTGLNAEQWANIYRLISKPEFNDLNFWKFNGYCEDIGDGRGFKIGRFGFYTGGENDQNPSGPKLFKYYAEERGEANPSADAALKLLGINAKLEGNKIKINDSKETFCGKIAKLQNDPEWILALIKTEYDEYLKYSVDQAKARGFNSAVFIGLLYFIALNMGATGGPTTLEGLLARAGDSTDEKAFLLALCDEVEKVIDDPKYNKPPNGSLAINRWRTLVLAGKLDLENIDEFIDEVTDFEMK,259.0000000000,1.0000000000,0.7700000000,1.0000000000,0.8594000000,1.0000000000,0.7529000000,1.0000000000,0.7307000000,1.0000000000,0.8265000000,1.0000000000,0.7348000000,65<=,65<=,-
Rank_72,-,IDPEKYFCPETLKFIKENTGIDAEQWYNIMRLISKPEFNDLNFEKYNGYCKNIGDGRGFEIGRFGFRTGGPNDQNPSGPKLFKNYAEAKGEKEPSADKALKLLGINAKLEGNIIKIEDSEEKFCGIIEKLKNDPEWILALTKTAWEEYGAKAVALARARGFTSPVFLGLLFYIALNMGATGGPTTLEGLLAQAGDSTDEKEYLKNLCEQVKKVIDDPKYNKPPNGTKAIDMWSKLVDDGLLDLKNIEEKIKEVTDYEMK,259.0000000000,1.0000000000,0.9567000000,1.0000000000,0.9697000000,1.0000000000,0.9379000000,1.0000000000,0.9387000000,1.0000000000,0.9526000000,1.0000000000,0.9610000000,65<=,65<=,-
Rank_73,-,SNPEKYFSPKTLEFIKENTGLNAEQWYNIMKLISKPEFNDLNFENYYGYCEDINDGRGFKIGLFGHRTGGPNDQNPTGPALFTAYAAEKGAASPSADKALELLGINAKLEGNIIKINDSKETFCGKIAALKNDPEWKNALFKTAYENYIKTAVDYAKARGFTSAVSIGLLIYIALNMGATGGETTLEGLLARSGDSTDEKEFLLNLCKVAEEVIDDPKYNKPPNGTKAIQMWRKLVEAGKLDLENIEEFIKEVTDYEMK,259.0000000000,1.0000000000,0.9721000000,1.0000000000,0.9793000000,1.0000000000,0.9606000000,1.0000000000,0.9472000000,1.0000000000,0.9477000000,1.0000000000,0.9426000000,65<=,65<=,-
Rank_74,-,ENPEKYFCPEAIKFIKENTGLDAEQWYNIMKLISKPEFNDLNFENYNGYCENINDDRGFRIGRFGFRTGGPKDQNPTGPKLFENYAKAKGSENPSADKALEMLGINAKLEGKVIKIFDSEEEFCGKIAKLKNDPEWILAQIKTEYDVYGKYAVDKAKARGFTSALTIGFLYYIALNMGATGGDTTLEGLLAKSGNSKDEKEYLKTLAEEAKKVINDPKYNKPPNGTKAINMWEELNEKGKFDLKNIEETIKEVTDYEMK,259.0000000000,1.0000000000,0.8177000000,1.0000000000,0.8684000000,1.0000000000,0.7327000000,1.0000000000,0.7343000000,1.0000000000,0.7797000000,1.0000000000,0.8099000000,65<=,65<=,-
Rank_75,-,EDPAKYFNPKTLEFIKANTGIDAEQWYNIMKLISKPEFNDLNFEKYYGYCKNINDGRGFEIGRFGFRTGGPNDQNPTGPELFKNYAKEKGEKNPSADKALELLGINGELKGNKIEIKDSEEEFCGKIAKLKNDPEWINALVKTEYEQYIKYSVALAKARGFTSALTIGLLYDIALNMGATGGETTLEGLVARSGDSKDEKEWLLNLCDEAEKVIDDPRYNKPPNGTKRIERWRKLVELGKLDLKNIEEEIKKVLDYEMK,259.0000000000,1.0000000000,0.9820000000,1.0000000000,0.9838000000,1.0000000000,0.9696000000,1.0000000000,0.9689000000,1.0000000000,0.9727000000,1.0000000000,0.9771000000,65<=,65<=,-
Rank_76,-,EDPAKYFSPKALAFIKANTGINAEQWYNIMKLISKPEFNDLDFKKYYGYCENINDGRGYRIGLFGFTTGGPNDQNPTGPKLFKYYAEEKGEANPSADKALELLGINAKLEGNKIKINDSEEKFCGIIAKLQDDPAWRNALIKTAYDEYIKYAKAAADARGFTSPLTLGFLFFLALNMGATGGPTTLEGLLARSGDSKDEKEWMLNLADEAKKVIDDPKYNKPPNGSKAVDMWRQLVLAGKYDLENIDEFIDEVTDFEMK,259.0000000000,1.0000000000,0.8650000000,1.0000000000,0.9197000000,1.0000000000,0.8850000000,1.0000000000,0.8509000000,1.0000000000,0.9080000000,1.0000000000,0.8349000000,65<=,65<=,-
Rank_77,-,SNPAENFSPEALEFIKKNTGLDAEQWDNIMKLISKPEFNDLNYEKYNGYCKNINDGRGFEIGKFGFRTGGPNDQNPTGPLLFKEYAKEKGSKNPSADEALKLLGINAKLEGNIIKINDSEEEFCGKIEKLKDDPNWINALIKTAYQQYLKYAVAQAKARGFTDAVTIGLLFYIALNMGATGGPETLEGLLAQSGDSKDKKEFLKNLCAEAKKVIDNPKYNKPPNGSKAIDMWETLVNKGKLDLKNIDELIKEVTDFEMK,259.0000000000,1.0000000000,0.8390000000,1.0000000000,0.9061000000,1.0000000000,0.7604000000,1.0000000000,0.8002000000,1.0000000000,0.8769000000,1.0000000000,0.8444000000,65<=,65<=,-
Rank_78,-,MNPEKYFCPEAIEFIKKNTGLDAEQWYNIYKLISKPEFNDTNFPNYNGYCENINDGRGFQIGRFGFRTGGPNDQNPTGPKLFKLYAEAKGEKNPSADKALEILGINGKLEGNKIKIEDSEEKFCGIIKKLKNDPNWILALIKAEYENYIKYSVNQAKARGFSSPVFIGLLYYIALNMGATGGPTTLEGLLAQSGDSKDEKEFLLNLCAKAKEVIDDPRYNKPPNGTKAIDMFENLVKKGALDLKNIEDLINEVLDFEMK,259.0000000000,1.0000000000,0.9884000000,1.0000000000,0.9900000000,1.0000000000,0.9725000000,1.0000000000,0.9689000000,1.0000000000,0.9732000000,1.0000000000,0.9731000000,65<=,65<=,-
Rank_79,-,VNPAEYFNPEALKFIKENTGLNAEQWYNIMRLISKPEFNDLNFWKYNGYCENIGDGRGFRIGRFGFRTGGPNDTNPSGPLLFTLYAKEKGEENPSADKALEMLGINAKLVGTKIEIFDSEEKFCGIIAKLKNDPNWINAQIKAAYEQYLKYSVDQAKARGFTSALAIGLLFYLALNMGATGGPTTLEGLLAQSGDSTDEKEFLLNLCEEAKKVIDDPKYNKPPNGTKAIDMWRKLVEAGALDLENIDELIDEVTDFEMK,259.0000000000,1.0000000000,0.9904000000,1.0000000000,0.9915000000,1.0000000000,0.9798000000,1.0000000000,0.9730000000,1.0000000000,0.9700000000,1.0000000000,0.9695000000,65<=,65<=,-
Rank_8,-,VDPAKDFCPESLEFIKKNTGIDAEQWSNIMKLISKPEFNDLNWKNYYGYCENIGDGRGFRIGLFGFRTGGPNDQNPTGPQLFKEYAKAKGEENPSADKALELLGINARLEGNKIKIFDSEEKFCGVIAKLKDDPEWRLALIKTAYNQYLKYSVDQAKARGFTSAVFIGFLFFLALNMGATGGATTLEGLLAQSGTSTDEKAFLRALAAEAKKVIDDPKYNKPPNGTKAIDMWAKLVDAGKLDLKNIDDFIEEVTDFEMK,259.0000000000,1.0000000000,0.8374000000,1.0000000000,0.9244000000,1.0000000000,0.8507000000,1.0000000000,0.7932000000,1.0000000000,0.8577000000,1.0000000000,0.8117000000,65<=,65<=,-
Rank_80,-,INPEKYFNPETLKFIKENTGIDAEQWYNIMRLISKPEFNDLNFEKYNGYCKDINDGRGFEIGRFGFRTGGPNDQNPSGPKLFKLYAEEKGEKNPSADKALKILGIDAELKGKIIKINDSEEEFCGKIAKLKNDPNWINALVKAAYEQYLKTAVAQAKARGFSSALTIAFLFYLALNMGATGGPTTLAGLLAQSGSSKDEKEFMKNLAAVAKKVIDDPKYNKPPNGTKAVDMFETLVNEGALDLKNIDELIEKVTDYEMK,259.0000000000,1.0000000000,0.9105000000,1.0000000000,0.9397000000,1.0000000000,0.8779000000,1.0000000000,0.8907000000,1.0000000000,0.9256000000,1.0000000000,0.9304000000,65<=,65<=,-
Rank_81,-,EDPAKYFCPEALKFIKENTGIDAEQWYNIMKLISKPEFNDLDFEKYYGYCKNINDGRGFKIGLFGETTGGPNDQNPTGPELFKNYAKANGAKNPSADEALKMLGINAKLEGKIIKINDSEEEFCGKIAKLKNDPNWRLAQIKTAYEKYLKKSVELAKARGFTSALTIGLLFYIALNMGATGGPTTLEGLLARAGSSTDEKAFLAKLCAEAKKVIDDPKYNKPPNGSKAIEMFEKLNEAGKFDLKNIKEFIEEVTDFEMK,259.0000000000,1.0000000000,0.9675000000,1.0000000000,0.9788000000,1.0000000000,0.9507000000,1.0000000000,0.9489000000,1.0000000000,0.9522000000,1.0000000000,0.9650000000,65<=,65<=,-
Rank_82,-,KDPAKNFNPETLKFIKENTGINAEQWDNIMKLISKPEFNDLNYEKYYGYCEDINDGRGFKIGRFGHRTGGPNDQNPTGPLLFKNYAKNKGSENPSADKALEMLGINAKLDGTKIKIFDSKEEFCGKIAKLKDDPNWINALIETEYEQYVKYAVEQARARGFTSPVFIGLLYFLALNMGATGGPTTLEGLLAQSGDSKDEKEFLLNLCAEAKKVIDDPKYNKPPNGTKAINMWEELVKKGLLNLENIDEEIEKVTDFEMK,259.0000000000,1.0000000000,0.8256000000,1.0000000000,0.8971000000,1.0000000000,0.8467000000,1.0000000000,0.8264000000,1.0000000000,0.8827000000,1.0000000000,0.8534000000,65<=,65<=,-
Rank_83,-,INPEKYFCPETLKFIKENTGIDAEQWFNIMKLISKPEFNDTEFWKYYGYCEDIGDGRGFRIGLFGFRTGGPNDTNPSGPRLFTLYAKAKGAANPSADAALAALGINAKLVGNVIEVKDSKEEFCGKIAALKDDPEWILALFQAAYEEYIKYSVDQAKKRGFTSALTIGLLFYVALNMGATGGPTTLEGLLAQSGDSTDEKEFMLKFCDVAKKVIDDPKYNKPPNGTKAIDMFETLVKKGLTDLKNIDEEIEKVTDFEMK,259.0000000000,1.0000000000,0.7605000000,1.0000000000,0.8327000000,1.0000000000,0.7780000000,1.0000000000,0.7877000000,1.0000000000,0.8785000000,1.0000000000,0.8888000000,65<=,65<=,-
Rank_84,-,INPEKYFCPETIKFIKENTGINAEQLDNIMKLISKPEFNDLNWEKFYGYCENINDGRGFKIGRFGHRTGGPNDQNPTGPKLFKNYAEALGEKNPSADKALEKLGINAKLVGNIIEIKDSEEEFCGKIAKLKNDPNWILALFKTEYENYWKYSVDQARARGFTSPLTLGLLYYLALNMGATGGPETLEGLLAQSGDSTDEKEFLLQLCEVAKKVIDNPKYNKPPNGSKAIDMWEKLVKAGKLNLENIDEFIEEVTNFEMK,259.0000000000,1.0000000000,0.8668000000,1.0000000000,0.8846000000,1.0000000000,0.8093000000,1.0000000000,0.8212000000,1.0000000000,0.9023000000,1.0000000000,0.9206000000,65<=,65<=,-
Rank_85,-,FDPAKWFNPETLKFIKENTGLDAEQLANIYRLISKPEFNDLDFPKYNGYCENIGDGRGFRIGRFGFTTGGPNDQNPTGPKLFKNYAAEKGEKNPSADKALEMLGINAKLKGNKIEIFDSEEEFCGKIAELQNDPNWINALFKTEWEEYGKIAVEQARARGFNSAVSIGLLYYIALNMGATGGPTTLEGLLAQSGDSTDEREFLLNLCDEAEKVIDDPKYNKPPNGTKAIEMWRTLVERGLLDLKGIDAAIEEVTDFEMK,259.0000000000,1.0000000000,0.9116000000,1.0000000000,0.9448000000,1.0000000000,0.9145000000,1.0000000000,0.9209000000,1.0000000000,0.9296000000,1.0000000000,0.8888000000,65<=,65<=,-
Rank_86,-,IDPAKYFCPETLAFIKANTGLDAEQWYNIYKLISKPEFNDTDFWKYNGYCEDINDGRGFRIGRFGFTTGGPNDQNPTGPALFTAYAAALGAADPSADAALKALGINGRLEGNIIKIFDSKEEFCGVIAKLKDDPAWILALTRTEYDQYIKTAVDLAKARGFTSAVFIAFLYFLALNMGATGGPETLEGLVARSGDSKDEKEFMKKLCEEAKKVIDNPKYNKPPNGTKAIDMFRTLVDLGKLDLRNIDETIKEVTDFEMK,259.0000000000,1.0000000000,0.7426000000,1.0000000000,0.8604000000,1.0000000000,0.8744000000,1.0000000000,0.8418000000,1.0000000000,0.9165000000,1.0000000000,0.7851000000,65<=,65<=,-
Rank_87,-,YDPAKDFNPKTLEFWKANSGLNAEQLANIMRLISKPEFNDLNWKEYYGYCEDIGDGRGFRIGLFGHTTGGPNDQNPTGPLLFTNYAKEKGEKNPSADAALKLLGINARLKGNIIEIEDSEEEFCGKIAALKDDPNWINAQFRTAWEQYGKYAVEQAKARGFTSALFIGFLFYIALNMGATGGATTLEGLLKQSGTSTDEKAFLKELAAVAKKVIDDPKYNKPPNGSKAIDMWSTLNDKGKFDLTNIDEEIDEVTDFEMK,259.0000000000,0.0000000000,0.4727000000,1.0000000000,0.6045000000,0.0000000000,0.4335000000,0.0000000000,0.3702000000,1.0000000000,0.5275000000,0.0000000000,0.3465000000,<40,[60-65),*
Rank_88,-,INPEKYFCPETLKFIKENTGIDAEQWYNIMKLISKPEFNDLNFEKYNGYCENINDGRGFRIGKFGFTTGGPNDQNPTGPALFTAYAAAKGEENPSADKALELLGINARLKGNIIEIEDSEEKFCGKIAKLQNDPEWILALVKTGYEQYLKYAVEQAKARGFKSALTIGLLYFIALNMGATGGPDTLEGLLAQSGDSKDEKEFLKNLCKVAKKVIDDPRYNKPPNGTKAIEMFEKLVEKGKLDLKNIDKTIEEVTDFEMK,259.0000000000,1.0000000000,0.9811000000,1.0000000000,0.9868000000,1.0000000000,0.9659000000,1.0000000000,0.9648000000,1.0000000000,0.9719000000,1.0000000000,0.9728000000,65<=,65<=,-
Rank_89,-,HNPAENFNPETLKFIKENTGINAEQFDNIMKLISKPEFNNLDWKEFYGYCENINDGRGFKIGLFGFRTGGPNDQNPTGPLLFKNYAKEKGEENPSADKALELLGINAKLEGKLIKIFDSEEEFCGKIAKLKNDPNWILALFKTAYEQYLKYAVEQARARGFTSAVFIGLLFYIALNMGATGGEETLEGLLAKAGDSKDEKEFLLRLCEVAKKVIDNPKYNKPPNGSKAIDMFEKLVKAGKLDLTNIEKFIEEVTDFEMK,259.0000000000,1.0000000000,0.9826000000,1.0000000000,0.9874000000,1.0000000000,0.9670000000,1.0000000000,0.9673000000,1.0000000000,0.9719000000,1.0000000000,0.9760000000,65<=,65<=,-
Rank_9,-,ENPEKYFCPEALKFIKENTGLDAEQWDNIMKLISKPEFNDLNWKKYYGYCEDIKDGRGYKIGRFGHRTGGPNDQNPTGPLLFKEYAKARGEKNPSADKALKLLGIDGKLEGTKIEIKDSKEKFCGIIKKLENDPEWILAQIKTEYEVYLKYAVEKAKARGFTSALTIGLLYYIALNMGATGGPTTLEGLLAKAGTSTDEKAFLKNLCAEVKKVINDPKYNKPPNGSKAIDMWEKLNDAGKLDLKNIDEFIKEVTDYEMK,259.0000000000,1.0000000000,0.9657000000,1.0000000000,0.9752000000,1.0000000000,0.9542000000,1.0000000000,0.9440000000,1.0000000000,0.9554000000,1.0000000000,0.9619000000,65<=,65<=,-
Rank_90,-,MNPEKYFSPKALEFIKKNLGIDAEQFANIMRLISKPEFNDTDFTKYNGYCEDIKDGRGFRIGRFGHRTGGPNDQNPTGPKLFKAYAEEKGAKNPSADKALELLGINARLEGNIIKVEDSKEEFCGKIAKLQNDPEWINALIKTEYENYLKYAKEQALARGFTSAVTLGLLYYLALNMGATGGETTLEGLLARAGDSTDEKEFLLNLCKVAKEVIDDPKYNKPPNGTKAVSMWEELVEKDLLDLKNIDDEIERVTDFEMK,259.0000000000,1.0000000000,0.8095000000,1.0000000000,0.8569000000,1.0000000000,0.8072000000,1.0000000000,0.8161000000,1.0000000000,0.9046000000,1.0000000000,0.9050000000,65<=,65<=,-
Rank_91,-,INPAEYFCPEALTFIKENTGLNAEQWYNIMRLISKPEFNDLNFENYNGYCENIKDGRGFRIGKFGFTTGGPNDQDPTGPLLFKNYAKALGEKNPSADKALEKLGINAKLKGKKIEIKDSEEKFCGIIKKLKNDPEWILALIKTAYEQYIKYAVDQCKARGFTSAVAIGLLTWIALNMGATGGPTTLEGLLKQAGDSTDEKEFLLALCAEAEKVIDDPKYNKPPNGSLAVNMFKKLVEAGKLDLENIDEFIKEVTDFEMK,259.0000000000,1.0000000000,0.9036000000,1.0000000000,0.9203000000,1.0000000000,0.8792000000,1.0000000000,0.8440000000,1.0000000000,0.9150000000,1.0000000000,0.8466000000,65<=,65<=,-
Rank_92,-,INPAEYFNPETLKFIKENTGLDAEQWYNIMRLISKPEFNDLNFPKYNGYCKNIGDGRGFEIGLFGERTGGPNDQNPTGPELFKAYAAAKGEENPSADKALEILGINAKLEGNIIEIKDSEEKFCGIIEKLQNDPEWILAQVKTAYERYVKTAVEQARARGFTSPLFIGALIWVALNMGATGGPTTLEGLLAKSGDSTDEKEFMKKFFEEVKKVIDDPKYNKPPNGTKAVNMFSTLVEKGKLDLKNIEEFIKEVTDFEMK,259.0000000000,1.0000000000,0.9961000000,1.0000000000,0.9959000000,1.0000000000,0.9891000000,1.0000000000,0.9835000000,1.0000000000,0.9840000000,1.0000000000,0.9865000000,65<=,65<=,-
Rank_93,-,MNPEKWFCPEAIKFIKENTGINAEQFANIMRLISKPEFNDLDFPKYNGYCKNINDGRGFEIGRFGFRTGGPNDQNPTGPKLFENYAAAKGEEDPSADKALEILGINAKLEGNIIKIFDSEEEFCGKIAALENDPEWILALIKTEWEEYGKYAVDQAKARGFTSAVTIGFLFYVALNMGATGGDTTLEGLLAKSGNSKDEKEFLKNFCAEVKTVIDNPKYNKPPNGTKAVQMWEDLVEKGALDLEDIDELINEVTDFEMK,259.0000000000,1.0000000000,0.6830000000,1.0000000000,0.7488000000,1.0000000000,0.6369000000,1.0000000000,0.5761000000,1.0000000000,0.7140000000,1.0000000000,0.6559000000,65<=,65<=,-
Rank_94,-,RNPAKNFCPEALKFIKENTGIDAEQLDNIMRLISKPEFNDLDWPKYNGYCENINDGRGFKIGRFGFRTGGPNDQNPSGPELFKAYAKALGEKNPSADNALKKLGINGRLEGNIIKIEDSEEKFCGIIEKLENDPNWILALFTTEYEKYLKYSVDQAKARGFTSPLTIGFLYYVALNMGATGGPTTLDGLLARSGDSTDEREFMLRFCDVVEEVIDDPKYNKPPNGTLAVERFRRLVEAGKLDLKNIEDFIEEVCDFEMK,259.0000000000,1.0000000000,0.9502000000,1.0000000000,0.9559000000,1.0000000000,0.9097000000,1.0000000000,0.9250000000,1.0000000000,0.9513000000,1.0000000000,0.9591000000,65<=,65<=,-
Rank_95,-,ENPEKYFCPEALKFIKENTGLNAEQWANIMKLISKPEFNDLNWEKYNGYCENINDGRGFRIGRFGHRTGGPNDQNPTGPELFKLYAEEKGEKNPSADKALELLGINARLEGNIIKIEDSEEKFCGIIAKLKNDEKWILALIKSEYENYIKYAVAQAKARGFTSALSIGFLYYIALNMGATGGATTLDGLLAQSGTSTDEKEFMAKLAAETKKVIDDPKYNKPPNGTKAIDMWEQLNKKGLTDLENINEEIDEVTDYEMK,259.0000000000,1.0000000000,0.6112000000,1.0000000000,0.7369000000,1.0000000000,0.5285000000,1.0000000000,0.6111000000,1.0000000000,0.7225000000,1.0000000000,0.6128000000,65<=,65<=,-
Rank_96,-,IDPAKYFCPETLKFIKENTGIDAEQFYNIMRLISKPEFNDTNFENYYGYCKNINDGRGYEIGLFGFRTGGPNDQNPTGPKLFELYAKEKGESNPSADKALEMLGINAKLEGNIIKIFDSEEKFCGIIAKLKNDPNWINALFKAAYEVYGKYSVDQAKARGFTSALFIGLLFYIALNMGATGGPTTLDGLLAKSGNSTDEKTFMKNLCAEAKKVIDDPKYNKPPNGTKAIEMFEKLNDAGKLDLKNIDEFIDEVTDFEMK,259.0000000000,1.0000000000,0.7386000000,1.0000000000,0.8457000000,1.0000000000,0.7191000000,1.0000000000,0.6805000000,1.0000000000,0.7390000000,1.0000000000,0.7439000000,65<=,65<=,-
Rank_97,-,INPASYFCPETLKFIKENTGLDAEQMYNIMKLISKPEFNDLNFKNYYGYCENINDGRGFRIGLFGFRTGGPNDQNPTGPELFKLYAEAKGEENPSADKALELLGINAKLEGNIIKINDSEEKFCGIIAKLKDDPDWILAMWKAFYEKYLKYAVDQAKARGFSSAVTIGLLTYIALNMGATGGPTTLEGLLAKSGTSKNEKEFLLALCAEVKKVIDDPKYNKPPNGTKAIDMWEELVLAGKLELKNIDEFIKKVTDFEMK,259.0000000000,1.0000000000,0.8720000000,1.0000000000,0.9272000000,1.0000000000,0.8550000000,1.0000000000,0.8360000000,1.0000000000,0.8977000000,1.0000000000,0.8663000000,65<=,65<=,-
Rank_98,-,INPEKYFNPKTIEFIKKNTGLNAEQWYNCMKLISKPEFNDLDFKKYYGYCKNINDGRGYEIGRFGFTTGGPNDQNPSGPKLFKYYAEEKGEKDPSADKALEILGINARLEGNIIKIEDSEEEFCGKIEKLKDDPEWINALVKTEYDEYLKYSVEQAKARGFTSPVTICLLYYLALNMGATGGPDTLEGLLARSGNSTDEKEFMLNLCEVAKEVIDDPKYNKPPNGTKAIDMFETLVKKGALNLENIDKLIDEVTDFEMK,259.0000000000,1.0000000000,0.8579000000,1.0000000000,0.9103000000,1.0000000000,0.8883000000,1.0000000000,0.8995000000,1.0000000000,0.8871000000,1.0000000000,0.9028000000,65<=,65<=,-
Rank_99,-,EDPEKYFCPETLKFIKENTGIDAEQFANIMKLISKPEFNDLDWTKYYGYCENIGDGRGFRIGLFGFTTGGPNDQNPTGPLLFKEYAKALGEENPSADKALEILGIDAKLEGNIIKINDSEEKFCGIIEKLVNDPNWRLALFKTAYETYLKYAVDKAKARGFTSPLTIAFLFYVALNMGATGGPTTLDGLLAQSGDSKDEKEFLANFCKVVKKVIDDPKYNKPPNGTKAVKMFEDLNKAGKFDLKNIEEEIKKVTDFEMK,259.0000000000,1.0000000000,0.9922000000,1.0000000000,0.9945000000,1.0000000000,0.9833000000,1.0000000000,0.9785000000,1.0000000000,0.9819000000,1.0000000000,0.9818000000,65<=,65<=,-
